{
  "reward_address": null,
  "auto_mine": false,
  "max_txs": 1000,
  "reward_eligibility": {
    "min_peers_for_rewards": 3,
    "max_reward_desync_blocks": 5,
    "reward_warmup_height": 0
  },
  "mining_profile": "balanced",
  "mining_threads": null,
  "simd_batch_size": 4,
  "auto_tune_enabled": true,
  "auto_tune_mode": "Normal",
  "min_threads": null,
  "max_threads": null,
  "min_batch_size": null,
  "max_batch_size": null,
  "evaluation_window_secs": 60,
  "reeval_interval_secs": 900,
  "telemetry_enabled": false,
  "telemetry_endpoint": null,
  "thermal_protection_enabled": true,
  "thermal_soft_limit_c": 80,
  "thermal_hard_limit_c": 90,
  "thermal_cooldown_secs": 120,
  "power_mode_sensitivity": true,
  "battery_threads_cap": 2,
  "battery_batch_cap": 4,
  "numa_aware_enabled": false,
  "p2p_hints_enabled": true,
  "hint_trial_threshold": 0.03,
  "hint_max_pending": 50,
  "hint_min_peer_reputation": 30.0,
  "hint_broadcast_interval_mins": 30
}