{
  "nonce": 0,
  "sender_pubkey": "c5279e1d806f9f67f296e29439df595300c15892e4db4646c9349be0fdbef724",
  "access_list": [
    "acct:c5279e1d806f9f67f296e29439df595300c15892e4db4646c9349be0fdbef724",
    "acct:c5279e1d806f9f67f296e29439df595300c15892e4db4646c9349be0fdbef724"
  ],
  "module": "cash",
  "method": "transfer",
  "args": [
    123,
    34,
    97,
    109,
    111,
    117,
    110,
    116,
    34,
    58,
    52,
    50,
    44,
    34,
    116,
    111,
    34,
    58,
    34,
    99,
    53,
    50,
    55,
    57,
    101,
    49,
    100,
    56,
    48,
    54,
    102,
    57,
    102,
    54,
    55,
    102,
    50,
    57,
    54,
    101,
    50,
    57,
    52,
    51,
    57,
    100,
    102,
    53,
    57,
    53,
    51,
    48,
    48,
    99,
    49,
    53,
    56,
    57,
    50,
    101,
    52,
    100,
    98,
    52,
    54,
    52,
    54,
    99,
    57,
    51,
    52,
    57,
    98,
    101,
    48,
    102,
    100,
    98,
    101,
    102,
    55,
    50,
    52,
    34,
    125
  ],
  "tip": 1,
  "fee_limit": 9223372036854775807,
  "sig": "474f650b8a10ffe0d37462dc453cc969806c09262a1ea2eb44b5ab0f1681dbb4a5f745e10d5cdca25f3ba74d78dc877d41f162a2cd402d25d3a387c5dbd0a803"
}
